Feature,Importance
num__experience_mid,0.5093382827197441
cat__age_band_Mid_Career,0.08403227564545575
cat__age_band_Fresher_Young,0.0655508997908591
num__high_value_skill_count,0.05704957324784671
num__description_word_count,0.0461172162505304
num__reviews_count_log,0.03147282805962087
num__is_hybrid,0.023519677752082208
num__posting_age_days,0.02349512039754401
num__experience_post_plateau,0.022515146122749487
num__seniority_score,0.018574766417495562
num__experience_breadth,0.013568535178375935
num__num_locations_listed,0.012184681663011069
cat__primary_location_bucketed_other,0.01116816873048467
num__skills_count,0.01053066411693651
num__is_it_hub,0.008781044185055667
cat__age_band_Early_Career,0.007572300726136899
num__is_management_title,0.00652625591234782
num__is_metro,0.005347521301959983
num__has_rating,0.004366436319619604
num__mentions_qualification,0.004193088315202609
cat__company_size_proxy_Small,0.003859872668192738
cat__primary_location_bucketed_hyderabad,0.003674914186062488
cat__primary_location_bucketed_bengaluru,0.0030130144856561356
cat__primary_location_bucketed_pune,0.002833426273916802
cat__rating_bucket_Medium,0.0023439856588923155
cat__rating_bucket_Low,0.002076293073880815
cat__rating_bucket_High,0.0019913723078088716
num__is_remote,0.0017278059956585656
cat__primary_location_bucketed_kolkata,0.0016637097272232996
cat__primary_location_bucketed_remote,0.0016409672538554153
cat__primary_location_bucketed_gurugram,0.001420180754768344
cat__primary_location_bucketed_chennai,0.001370880872752833
num__has_leadership_skill,0.0013135517592777087
cat__company_size_proxy_Medium,0.0010837227292578972
cat__primary_location_bucketed_noida,0.0010033402317308191
cat__rating_bucket_Unknown,0.000726530116402357
cat__primary_location_bucketed_mumbai,0.0005724929581362221
cat__company_size_proxy_Large,0.0003072520163002682
cat__primary_location_bucketed_jaipur,0.0002545705865363791
cat__company_size_proxy_Enterprise,0.00024371303613866983
cat__primary_location_bucketed_thane,0.0002405109734155232
cat__company_size_proxy_Unknown,0.0001827095684898132
cat__primary_location_bucketed_kochi,0.00016430573195992687
cat__primary_location_bucketed_mumbai suburban,0.0001607301835066981
cat__age_band_Senior_Career,9.972364864747881e-05
cat__primary_location_bucketed_ahmedabad,7.06634889688638e-05
cat__primary_location_bucketed_navi mumbai,5.5276859503715105e-05
cat__age_band_Veteran,0.0
