Model,Train R²,Test R²,Train RMSE,Test RMSE,Train MAE,Test MAE,Test MAPE,Test MedAE,CV RMSE(log) Mean,CV RMSE(log) Std,Train Time(s),Overfit Gap (R²)
LightGBM (Tuned),0.7042030597555173,0.5933568696536609,389957.09294024727,454174.00269712775,191351.33382035684,232086.57588460372,0.35513015848492824,98023.10725034925,,,,0.11084619010185648
Random Forest,0.7429094459942468,0.5875984919603743,363549.07632528816,457378.42390917597,176540.52441812895,235305.77600084443,0.3524863394922241,100435.7109011478,0.4708227752338117,0.0030432928775620234,3.89700984954834,0.15531095403387252
XGBoost (Tuned),0.6621961956546087,0.5841596153905527,416727.58922302915,459281.426943336,207308.11300880456,235134.32567347898,0.35412566495301456,101666.21875,,,,0.07803658026405602
Extra Trees,0.7471740955021202,0.5814341242274446,360521.1687513089,460784.07451529714,173107.06993806653,238970.21888543872,0.3599000341395028,103913.51209214341,0.4811717760759734,0.002393188407567594,4.535227537155151,0.16573997127467566
XGBoost,0.6532651465085173,0.5789260952682903,422200.4918163803,462162.51202139613,210818.6735612244,237750.51954623483,0.35654904600310305,103286.09375,0.46724055317617824,0.00349114988660675,2.672245502471924,0.074339051240227
LightGBM,0.6239139399093239,0.5765891225062459,439707.2269164873,463443.24533372966,221930.67204819224,238650.34244383217,0.36035563794567566,102817.55822440557,0.4701337602695137,0.0037878459702894024,1.5047392845153809,0.04732481740307792
Random Forest (Tuned),0.6343441541574496,0.5705137015961248,433567.0265355062,466756.32089881384,214575.83201977343,239868.97653099033,0.359393587725301,102101.25176663103,,,,0.0638304525613248
Gradient Boosting,0.5603659721592138,0.546575249047224,475407.069195722,479587.8398206117,243138.65362614713,247627.76912529365,0.37059100640810905,107129.48437442072,0.48278484418164724,0.0036605416468674483,14.284457683563232,0.013790723111989811
Lasso,0.4762755774475915,0.47276574102334645,518885.3375956022,517150.99242729356,271350.06395391736,271015.6112122989,0.3957943110641242,114161.11363393872,0.5062920414873202,0.0034791370044427354,0.6213283538818359,0.003509836424245072
Ridge,0.47924978194151535,0.4727508192639255,517409.8780604399,517158.31056715513,270677.74858580047,271276.356821995,0.39669287106143225,115219.49358227529,0.5058143213487949,0.0035727076518380753,0.03700399398803711,0.00649896267758987
Linear Regression,0.47921996158064994,0.4726999593489163,517424.692387792,517183.25322653446,270687.2439655131,271281.59569570125,0.3967035780999035,115293.47193480952,0.5058224539327849,0.003567897596244084,0.09083962440490723,0.006520002231733657
